#Temp(K),#DensSim(g/m^3),#EpsSim(*)
103,1.52369,4.31747
118,1.48452,3.69093
138,1.42912,3.41449
155,1.38442,2.84535
180,1.31207,2.46545
